이름,전화번호
김서준,010-1324-5789
이서연,010-9087-6512
박민준,010-2457-9136
최지우,010-7610-4825
정하윤,010-4931-2678
조현우,010-8205-4139
강예린,010-3579-0246
윤도윤,010-6148-2357
장하은,010-2793-5401
임준우,010-5062-7913
한수아,010-7341-8602
오지호,010-9283-1740
서예은,010-4159-8326
신유준,010-6830-2519
권채원,010-2470-9361
황시우,010-5703-4182
안민서,010-8391-2057
송연우,010-1962-4703
유가은,010-7524-9016
홍지유,010-3801-5462
김주원,010-5947-1308
이서윤,010-2716-4059
박예준,010-8462-3197
최민재,010-1358-7240
정윤우,010-4681-2705
조채윤,010-7350-4921
강소율,010-5219-7603
윤하린,010-6429-5108
장다은,010-3895-2041
임태윤,010-8174-3692